Time (s),Latitude (°),Longitude (°),Height (m),Velocity (m/s),Direction (°),Horizontal Accuracy (m),Vertical Accuracy (m)
30.38778475,64.94448396,25.57303591,47.12366164,0.0,,3.790092468,3.504452944
31.38773152,64.94448556,25.57303789,46.83514968,0.0,,3.790092468,3.359032631
32.3875226,64.94447886,25.57303893,46.54504312,0.9200000167,216.1999969,3.790092468,3.288426638
33.38729614,64.94447163,25.57302781,45.03380745,1.279999971,249.8000031,3.790092468,3.34179163
34.38747812,64.94445992,25.57303254,43.29282894,1.480000019,248.1999969,3.790092468,3.334242344
35.38986712,64.94445079,25.57302926,41.97464455,1.179999948,244.8000031,3.790092468,3.132519722
36.38861951,64.94444501,25.5730087,41.68942478,1.179999948,242.8000031,3.99777627,3.424418926
37.39068685,64.9444347,25.57298642,39.92110773,1.279999971,227.1000061,3.790092468,3.207559347
38.38622284,64.94442618,25.57296553,39.15181561,1.320000052,230.1000061,3.790092468,3.063192368
39.38603898,64.94441967,25.5729416,39.04787005,1.370000005,233.1999969,3.790092468,2.752795458
40.38548767,64.94441339,25.57292273,38.30427555,1.320000052,235.1000061,3.790092468,2.589198351
41.38543772,64.94440621,25.5729026,37.80451583,1.340000033,232.6999969,3.790092468,2.5
42.39161246,64.9443969,25.57288293,37.52838685,1.399999976,226.0,3.790092468,2.5
43.39190506,64.94438763,25.57286296,36.72119105,1.399999976,225.3999939,3.790092468,2.5
44.39183781,64.94438037,25.57284321,36.65154595,1.320000052,231.8000031,3.790092468,2.5
45.38626213,64.94437103,25.57282528,35.83812421,1.460000038,219.3999939,3.790092468,2.5
46.38578192,64.94435943,25.57280935,35.1402396,1.5,211.6999969,3.790092468,2.5
47.39141535,64.94434856,25.57279586,34.68680114,1.399999976,205.8999939,3.790092468,2.5
48.39064748,64.94433789,25.57278896,33.95302743,1.389999986,199.8999939,3.790092468,2.5
49.39111581,64.94432576,25.57278923,33.71253746,1.429999948,186.5,3.790092468,2.5
50.38553007,64.94431419,25.5727955,33.20666629,1.370000005,177.1999969,3.790092468,2.5
51.38583851,64.94430305,25.57280688,33.18834361,1.409999967,168.3000031,3.790092468,2.5
52.39127454,64.94429328,25.57282485,33.11893485,1.379999995,151.3000031,3.790092468,2.5
53.39087376,64.94428542,25.57284523,33.55160274,1.330000043,136.3000031,3.790092468,2.5
54.39112969,64.94427844,25.57286408,34.21144452,1.149999976,134.6000061,3.790092468,2.5
55.38586823,64.94426944,25.57288224,34.68939974,1.320000052,143.6000061,3.790092468,2.5
56.3861515,64.94426167,25.57290142,34.71398683,1.25999999,141.1000061,3.790092468,2.5
57.39029801,64.94425581,25.57292306,35.58067741,1.25999999,135.3999939,3.790092468,2.5
58.39116577,64.94424945,25.57294221,36.07688449,1.190000057,143.1000061,3.790092468,2.5
59.38952248,64.94424156,25.57296412,35.9539491,1.370000005,143.8000031,3.790092468,2.5
60.38527727,64.94423527,25.57298865,36.09065839,1.159999967,133.5,3.790092468,2.5
61.3859243,64.94422896,25.57301551,36.40217201,1.320000052,131.3000031,3.790092468,2.5
62.39090565,64.94422369,25.57304455,36.2792991,1.330000043,127.3000031,3.790092468,2.5
63.39063809,64.94421692,25.57307005,36.39513378,1.309999943,132.6999969,3.790092468,2.5
64.39240636,64.94420864,25.57309342,36.52463921,1.370000005,144.8000031,3.790092468,2.5
65.39229438,64.94419901,25.57311314,36.69894371,1.350000024,148.5,3.790092468,2.5
66.38636797,64.94418855,25.57313223,36.90974654,1.330000043,141.6999969,3.790092468,2.5
67.38908151,64.94417712,25.57314985,36.65759701,1.370000005,147.3000031,3.790092468,2.5
68.39215734,64.94416654,25.57317016,36.81023304,1.360000014,140.0,3.790092468,2.5
69.39009369,64.94415703,25.57318716,36.86295601,1.320000052,147.1999969,3.790092468,2.5
70.39050399,64.94414688,25.57320644,36.20657161,1.340000033,141.5,3.790092468,2.5
71.38675529,64.94413783,25.57322543,35.95118925,1.350000024,147.3999939,3.790092468,2.5
72.39140258,64.94412758,25.57323828,35.66840187,1.25999999,154.3999939,3.790092468,2.5
73.39176789,64.94411526,25.57324667,34.88890908,1.289999962,163.0,3.790092468,2.5
74.3910095,64.94410493,25.57325813,34.36100463,1.360000014,145.8999939,3.790092468,2.5
75.39202324,64.94409501,25.5732674,34.34774932,1.330000043,148.3000031,3.790092468,2.5
76.39011042,64.94408475,25.57328397,34.3562822,1.340000033,143.3999939,3.790092468,2.5
77.39040115,64.94407496,25.57329954,33.6655969,1.340000033,146.1999969,3.790092468,2.5
78.38985964,64.9440657,25.57331079,33.22625551,1.309999943,150.0,3.790092468,2.5
79.39033619,64.94405615,25.57332403,33.1008784,1.299999952,149.1999969,3.790092468,2.5
80.39000733,64.94404515,25.57334401,32.90079191,1.440000057,145.5,3.790092468,2.5
81.38639353,64.94403621,25.57336232,32.77663535,1.269999981,139.6999969,3.790092468,2.5
82.3907491,64.94402532,25.57337588,32.56513632,1.340000033,153.1999969,3.790092468,2.5
83.3904292,64.94401409,25.57339302,32.36077757,1.419999957,143.3000031,3.790092468,2.5
84.39075237,64.94400488,25.57341047,32.41936013,1.360000014,143.3999939,3.790092468,2.5
85.39168679,64.94399582,25.57342509,32.38132459,1.350000024,144.3000031,3.790092468,2.5
86.38719267,64.943986,25.57344044,32.25002651,1.360000014,144.3999939,3.790092468,2.5
87.38646241,64.94397676,25.57345905,32.23103319,1.350000024,139.0,3.790092468,2.5
88.3906335,64.94396754,25.5734783,31.86096558,1.350000024,137.0,3.790092468,2.5
89.390645,64.94395717,25.57349385,32.47032857,1.429999948,143.8999939,3.790092468,2.5
90.39078422,64.94394728,25.57350606,32.03513683,1.379999995,142.6000061,3.790092468,2.5
91.39139223,64.94393851,25.57351826,31.3359691,1.330000043,142.8999939,3.790092468,2.5
92.38685587,64.94392881,25.5735312,30.54103622,1.360000014,142.3000031,3.790092468,2.5
93.39083899,64.94391828,25.57354665,30.49219595,1.360000014,143.8000031,3.790092468,2.5
94.39142534,64.94390609,25.5735605,30.25457261,1.409999967,145.6999969,3.790092468,2.5
95.3907844,64.94389461,25.57357328,30.30259462,1.350000024,145.1000061,3.790092468,2.5
96.38768184,64.94388321,25.5735835,30.71316591,1.320000052,151.0,3.790092468,2.5
97.39077257,64.94387124,25.57358985,30.82783878,1.320000052,162.8000031,3.790092468,2.5
98.38971158,64.94385904,25.57359097,30.94239012,1.350000024,177.6000061,3.790092468,2.5
99.39195334,64.94384696,25.57358273,30.27447221,1.360000014,194.5,3.790092468,2.5
100.3901843,64.94383675,25.5735689,30.12047289,1.289999962,209.6999969,3.790092468,2.5
101.3905093,64.94382714,25.57355103,29.87156505,1.340000033,217.6999969,3.790092468,2.5
102.3916595,64.94381878,25.5735286,29.88260777,1.350000024,229.5,3.790092468,2.5
103.3921747,64.94381243,25.57350518,29.96793232,1.340000033,232.3999939,3.790092468,2.5
104.3916777,64.94380678,25.57347866,29.48795035,1.309999943,233.8000031,3.790092468,2.5
105.3878596,64.94380059,25.57345529,29.74045033,1.309999943,232.6000061,3.790092468,2.5
106.3873722,64.94379428,25.57343066,30.0525207,1.360000014,233.3000031,3.790092468,2.5
107.3911723,64.94378849,25.57340588,30.27999684,1.320000052,236.8999939,3.790092468,2.5
108.3904912,64.94378176,25.57338434,30.32363375,1.289999962,233.6000061,3.790092468,2.5
109.3900962,64.94377564,25.57335995,30.46791861,1.309999943,233.8999939,3.790092468,2.5
110.3907736,64.94376947,25.57333531,29.95338999,1.330000043,233.1999969,3.790092468,2.5
111.3906962,64.94376342,25.57331025,29.77693527,1.309999943,234.0,3.790092468,2.5
112.3906482,64.94375653,25.57328906,29.70033271,1.309999943,229.3000031,3.790092468,2.5
113.3915819,64.94375025,25.57326979,30.17023925,1.299999952,231.3000031,3.790092468,2.5
114.3868245,64.94374352,25.57324685,30.19233094,1.330000043,234.8000031,3.790092468,2.5
115.3912635,64.94373721,25.57322365,30.70563401,1.289999962,235.1000061,3.790092468,2.5
116.3894251,64.94373041,25.57319879,30.82788461,1.299999952,235.8999939,3.790092468,2.5
117.3903333,64.94372305,25.57317371,30.71460005,1.320000052,233.1000061,3.790092468,2.5
118.3889402,64.94371859,25.57315179,30.76324403,1.230000019,235.1999969,3.790092468,2.5
119.3884893,64.94371359,25.57312849,30.89166065,1.190000057,237.3000031,3.790092468,2.5
120.3904505,64.9437075,25.57310636,31.2163041,1.190000057,237.6999969,3.790092468,2.5
121.3914614,64.94369989,25.57308314,31.2935708,1.289999962,232.1000061,3.790092468,2.5
122.3916397,64.94369476,25.57305899,31.69933117,1.279999971,238.0,3.790092468,2.5
123.3914788,64.94368685,25.57303776,32.07292297,1.279999971,232.5,3.790092468,2.5
124.3867746,64.94367975,25.57301494,32.62962124,1.25,235.3000031,3.790092468,2.5
125.3931042,64.94367191,25.57299241,32.6629423,1.340000033,231.8999939,3.790092468,2.5
126.3907829,64.94366292,25.57297026,32.82803713,1.480000019,230.8999939,3.790092468,2.5
127.3918589,64.94365461,25.57294866,32.79794209,1.25,233.8000031,3.790092468,2.5
128.3863842,64.94364675,25.57292584,32.90304052,1.340000033,232.0,3.790092468,2.5
129.3918642,64.9436383,25.57290121,33.03474998,1.350000024,232.8999939,3.790092468,2.5
130.3908377,64.94363014,25.57287581,33.05446032,1.360000014,233.3000031,3.790092468,2.5
131.394635,64.94361936,25.57285779,32.33411585,1.299999952,232.0,3.790092468,2.5
132.3868031,64.9436106,25.57283617,32.53729676,1.269999981,238.5,3.790092468,2.5
133.3902609,64.94360372,25.57281481,32.73974697,1.24000001,236.8000031,3.790092468,2.5
134.3920346,64.94359663,25.5727917,32.57342283,1.350000024,233.1999969,3.790092468,2.5
135.3915371,64.94358732,25.5727685,32.48656438,1.389999986,230.1999969,3.790092468,2.5
136.3911191,64.94357777,25.57274355,32.45244034,1.379999995,231.0,3.790092468,2.5
137.3908534,64.94356985,25.57272387,32.78135418,1.210000038,234.0,3.790092468,2.5
138.3910449,64.94356196,25.57270227,32.64988014,1.370000005,230.5,3.790092468,2.5
139.3934246,64.94355572,25.57268177,33.32895437,1.210000038,234.8000031,3.790092468,2.5
140.3903861,64.943548,25.57265663,33.03170952,1.389999986,232.0,3.790092468,2.5
141.3913912,64.94354082,25.57263207,33.07436988,1.289999962,233.6999969,3.790092468,2.5
142.3870499,64.94353371,25.57260725,33.60537262,1.320000052,240.0,3.790092468,2.5
143.3925579,64.943527,25.5725839,34.13271343,1.330000043,234.8999939,3.790092468,2.5
144.3917213,64.94351903,25.57256104,34.07344408,1.350000024,231.6999969,3.790092468,2.5
145.3902576,64.94351058,25.57253685,34.28755095,1.360000014,233.6999969,3.790092468,2.5
146.3909239,64.94350212,25.57251106,34.78205354,1.360000014,236.8000031,3.790092468,2.5
147.3891427,64.94349292,25.57248663,35.71301764,1.360000014,234.3000031,3.790092468,2.5
148.3912934,64.94348505,25.57246095,36.03625613,1.350000024,232.1000061,3.790092468,2.5
149.3911267,64.94347824,25.57243693,36.24816724,1.25,237.0,3.790092468,2.5
150.3911509,64.94347043,25.57240925,36.11651105,1.389999986,233.8000031,3.790092468,2.5
151.3917334,64.94346246,25.57238144,35.9448767,1.309999943,233.1000061,3.790092468,2.5
152.3890779,64.94345414,25.57235523,36.10771445,1.360000014,233.1000061,3.790092468,2.5
153.3913229,64.94344584,25.57232907,36.01469283,1.470000029,233.1000061,3.790092468,2.5
154.3914763,64.94343705,25.57230498,36.06717827,1.399999976,233.6000061,3.790092468,2.5
155.3900166,64.94342775,25.57227999,36.11728298,1.350000024,233.8000031,3.790092468,2.5
156.3862912,64.94341972,25.57225701,36.5623471,1.309999943,232.5,3.790092468,2.5
157.3917692,64.94341096,25.57223285,36.72054547,1.360000014,232.6999969,3.790092468,2.5
158.3915559,64.94340176,25.57220895,36.75154611,1.360000014,229.1999969,3.790092468,2.5
159.3913198,64.94339308,25.5721859,36.72785963,1.360000014,233.0,3.790092468,2.5
160.3860655,64.94338565,25.57216358,36.82484072,1.299999952,234.3999939,3.790092468,2.5
161.3863301,64.94337759,25.5721433,37.06201868,1.289999962,233.6000061,3.790092468,2.5
162.3915989,64.94336848,25.57212517,37.6663218,1.320000052,232.6000061,3.790092468,2.5
163.3908989,64.94335826,25.57210473,37.7246037,1.370000005,233.1999969,3.790092468,2.5
164.3900555,64.94334811,25.57208431,37.71098626,1.320000052,231.0,3.790092468,2.5
165.3909013,64.94334012,25.57206346,38.04966583,1.279999971,232.0,3.790092468,2.5
166.3912662,64.94333351,25.57204147,38.2880661,1.279999971,234.5,3.790092468,2.5
167.3913808,64.94332566,25.57201937,38.24283485,1.309999943,233.3000031,3.790092468,2.5
168.3908626,64.94331742,25.57199702,37.91549878,1.309999943,233.1999969,3.790092468,2.5
169.3897773,64.94331109,25.57197621,37.86672873,1.230000019,232.6999969,3.790092468,2.5
170.3912295,64.94330342,25.57195603,37.9998421,1.309999943,231.8999939,3.790092468,2.5
171.390679,64.943297,25.5719373,38.26436513,1.309999943,230.8000031,3.790092468,2.5
172.3910742,64.94329103,25.57192019,38.05354655,1.200000048,230.5,3.790092468,2.5
173.3911298,64.94328336,25.57189854,38.0506738,1.289999962,232.8000031,3.790092468,2.5
174.3909954,64.94327704,25.57187693,38.19788777,1.350000024,234.3999939,3.790092468,2.5
175.3905308,64.94326999,25.57185267,38.15235241,1.379999995,234.1999969,3.790092468,2.5
176.3898731,64.94326272,25.57183217,38.12720204,1.309999943,233.0,3.790092468,2.5
177.3876141,64.94325561,25.57181232,38.28607273,1.279999971,232.6999969,3.790092468,2.5
178.3909145,64.94324747,25.57179017,38.3819545,1.309999943,232.8000031,3.790092468,2.5
179.3910759,64.94324001,25.57176671,38.07305194,1.25999999,234.3000031,3.790092468,2.5
180.3912839,64.9432328,25.57174582,38.3543592,1.279999971,235.3000031,3.790092468,2.5
181.386912,64.94322663,25.57172544,38.80650477,1.129999995,236.3000031,3.790092468,2.5
182.3922011,64.9432213,25.5717031,39.22898833,1.25999999,236.6999969,3.790092468,2.5
183.3908091,64.94321483,25.5716813,39.14396342,1.299999952,231.1999969,3.790092468,2.5
184.3870831,64.94320975,25.57165876,38.98984812,1.25999999,236.0,3.790092468,2.5
185.3914611,64.94320489,25.57163688,38.95981741,1.299999952,233.3999939,3.790092468,2.5
186.3910494,64.94319948,25.57161734,39.0656501,1.269999981,231.8999939,3.790092468,2.5
187.3906945,64.94319404,25.5715969,39.05930028,1.299999952,234.8000031,3.790092468,2.5
188.3902213,64.94318667,25.57157638,38.8169257,1.279999971,232.5,3.790092468,2.5
189.3903335,64.94318082,25.57155639,39.01357835,1.279999971,233.1999969,3.790092468,2.5
190.3900849,64.94317453,25.57153526,38.90133183,1.279999971,236.0,3.790092468,2.5
191.3908852,64.94316659,25.5715113,38.80501434,1.269999981,235.1999969,3.790092468,2.5
192.3910305,64.94315933,25.57148987,39.09309654,1.25,231.1999969,3.790092468,2.5
193.3909435,64.94315206,25.57146756,38.86445523,1.279999971,231.8999939,3.790092468,2.5
194.3910336,64.94314507,25.57144441,38.97364389,1.299999952,234.3999939,3.790092468,2.5
195.3922799,64.94313848,25.5714204,39.04877543,1.340000033,236.1000061,3.790092468,2.5
196.3909659,64.94313111,25.57139657,39.00934322,1.360000014,231.6999969,3.790092468,2.5
197.3870273,64.94312409,25.57137738,39.29889017,1.24000001,226.3999939,3.790092468,2.5
198.390794,64.94311694,25.57135551,39.36749012,1.330000043,231.0,3.790092468,2.5
199.3912044,64.9431093,25.57133244,39.31481292,1.350000024,232.8999939,3.790092468,2.5
200.3908392,64.94310086,25.57130792,38.87218156,1.409999967,226.8999939,3.790092468,2.5
201.3904711,64.94309412,25.57128205,38.75151245,1.299999952,234.1000061,3.790092468,2.5
202.3900551,64.9430862,25.57125909,38.79569777,1.289999962,231.6000061,3.790092468,2.5
203.3920005,64.94307879,25.57123732,39.19663388,1.279999971,235.0,3.790092468,2.5
204.3912231,64.94307123,25.5712166,39.11411023,1.289999962,231.1000061,3.790092468,2.5
205.3919107,64.94306214,25.57119984,39.36697275,1.309999943,223.3999939,3.790092468,2.5
206.3903609,64.94305458,25.5711784,39.40114842,1.320000052,234.5,3.790092468,2.5
207.3917576,64.94304714,25.57115364,38.45021726,1.370000005,232.1000061,3.790092468,2.5
208.3903335,64.94304024,25.57113387,38.12343139,1.279999971,228.8000031,3.790092468,2.5
209.3918519,64.94303362,25.57111095,37.9311067,1.299999952,234.3000031,3.790092468,2.5
210.3907078,64.94302626,25.57108716,38.06080292,1.320000052,232.8999939,3.790092468,2.5
211.3919164,64.94301908,25.57106381,38.07447141,1.299999952,234.3000031,3.790092468,2.5
212.3910002,64.94301192,25.57104038,38.25000516,1.299999952,232.0,3.790092468,2.5
213.3904969,64.9430053,25.57101461,38.1219509,1.269999981,237.5,3.790092468,2.5
214.3907904,64.94299685,25.57099263,38.26690462,1.340000033,231.1999969,3.790092468,2.5
215.3915619,64.94298919,25.57096902,38.01769428,1.309999943,233.1000061,3.790092468,2.5
216.3905284,64.94298183,25.57094884,38.20378646,1.350000024,229.1999969,3.790092468,2.5
217.3909501,64.94297535,25.57092936,38.18071189,1.230000019,233.0,3.790092468,2.5
218.391524,64.94296963,25.57090799,38.0505216,1.330000043,231.6000061,3.790092468,2.5
219.3917876,64.9429633,25.57088579,37.86216436,1.370000005,233.6000061,3.790092468,2.5
220.3907945,64.9429569,25.5708603,37.38016739,1.340000033,236.3999939,3.790092468,2.5
221.3875394,64.94295132,25.57083973,37.42783357,1.230000019,233.8999939,3.790092468,2.5
222.386435,64.94294541,25.57081688,37.72934499,1.25999999,233.6999969,3.790092468,2.5
223.3909621,64.94293724,25.57079189,37.90225351,1.360000014,233.1000061,3.790092468,2.5
224.3910938,64.94292921,25.57076564,38.00588744,1.340000033,234.8000031,3.790092468,2.5
225.3903771,64.94292186,25.57074366,37.99215079,1.330000043,231.8999939,3.790092468,2.5
226.3906095,64.94291432,25.57072324,37.9929401,1.309999943,232.8999939,3.790092468,2.5
227.390533,64.94290813,25.5707015,37.92274699,1.220000029,237.8999939,3.790092468,2.5
228.3909373,64.94290164,25.57067669,37.8043973,1.190000057,237.6999969,3.790092468,2.5
229.3910572,64.9428923,25.57065265,37.56977285,1.360000014,230.5,3.790092468,2.5
230.3868617,64.94288591,25.57063122,37.71356876,1.220000029,238.6000061,3.790092468,2.5
231.3875837,64.9428785,25.57060846,37.9387848,1.309999943,234.8000031,3.790092468,2.5
232.3906242,64.94287209,25.57058517,38.23046915,1.220000029,238.0,3.790092468,2.5
233.391191,64.94286409,25.57056172,38.0257531,1.340000033,233.0,3.790092468,2.5
234.3900825,64.94285525,25.57053775,37.88756465,1.330000043,233.1999969,3.790092468,2.5
235.3893844,64.9428471,25.57051312,37.60911816,1.299999952,236.0,3.790092468,2.5
236.3907388,64.94283933,25.57049033,37.8944535,1.200000048,233.6000061,3.790092468,2.5
237.391837,64.94283114,25.57046424,38.44175181,1.24000001,238.6999969,3.790092468,2.5
238.3909869,64.94282271,25.57043642,38.26114487,1.309999943,236.6999969,3.790092468,2.5
239.3908345,64.94281542,25.57040633,38.44803201,1.350000024,240.6000061,3.790092468,2.5
240.3862472,64.94280942,25.57038132,38.87246845,1.279999971,238.8999939,3.790092468,2.5
241.3904968,64.94280514,25.57035532,38.83419914,1.299999952,243.0,3.790092468,2.5
242.3907312,64.94279976,25.57032766,39.41519173,1.340000033,242.8000031,3.790092468,2.5
243.391026,64.94279325,25.5702998,39.66476239,1.350000024,240.1000061,3.790092468,2.5
244.3859043,64.94278883,25.57027393,39.81020875,1.299999952,243.1999969,3.790092468,2.5
245.3913864,64.94278388,25.57025045,40.34908688,1.220000029,241.8000031,3.790092468,2.5
246.3913217,64.94277855,25.57022849,40.85268611,1.230000019,235.1999969,3.790092468,2.5
247.3912043,64.94277183,25.57020234,40.43361619,1.370000005,238.8000031,3.790092468,2.5
248.3865668,64.94276409,25.57017521,40.57973099,1.350000024,239.3999939,3.790092468,2.5
249.3898384,64.94275751,25.57015294,40.90211572,1.269999981,239.3999939,3.790092468,2.5
250.3911972,64.94275182,25.57012598,41.18470703,1.269999981,246.3999939,3.790092468,2.5
251.3901692,64.94274588,25.57009784,41.19221284,1.289999962,245.5,3.790092468,2.5
252.3911857,64.94273922,25.57006935,40.82935669,1.409999967,241.8000031,3.790092468,2.5
253.3867556,64.94273082,25.57004498,40.61939137,1.379999995,236.0,3.790092468,2.5
254.3906115,64.94272415,25.57002182,41.03961549,1.289999962,241.3000031,3.790092468,2.5
255.3905279,64.94271739,25.5699962,41.16925151,1.350000024,240.1999969,3.790092468,2.5
256.3909762,64.94271068,25.56997229,41.10449035,1.24000001,243.1000061,3.790092468,2.5
257.3920845,64.94270571,25.56994418,41.31347412,1.379999995,243.6999969,3.790092468,2.5
258.3864448,64.94270036,25.56991881,41.22619248,1.25999999,243.8000031,3.790092468,2.5
259.3908191,64.942694,25.56989461,41.2853941,1.230000019,240.1000061,3.790092468,2.5
260.3899858,64.94268882,25.5698676,41.37798346,1.25,246.3999939,3.790092468,2.5
261.3897109,64.94268406,25.56983963,41.38030236,1.299999952,246.6999969,3.790092468,2.5
262.3865547,64.94267847,25.56981119,41.30003999,1.399999976,241.5,3.790092468,2.5
263.3883842,64.94267104,25.56978573,41.50682379,1.419999957,238.8999939,3.790092468,2.5
264.3909636,64.9426673,25.56976224,42.20054925,1.269999981,246.1000061,3.790092468,2.5
265.3917403,64.94266245,25.56973772,42.62840468,1.389999986,242.3000031,3.790092468,2.5
266.391155,64.94265615,25.56970992,42.29429633,1.389999986,243.6000061,3.790092468,2.5
267.3906815,64.94265115,25.56968246,42.41856317,1.350000024,251.1999969,3.790092468,2.5
268.389972,64.94264458,25.56965528,42.51566786,1.309999943,245.1000061,3.790092468,2.5
269.3892321,64.94263927,25.56962949,42.81980478,1.340000033,242.6000061,3.790092468,2.5
270.3908946,64.94263368,25.5696046,42.89817226,1.330000043,240.1000061,3.790092468,2.5
271.3898858,64.94262838,25.56957875,43.0597921,1.450000048,239.8000031,3.790092468,2.5
272.3880135,64.94262395,25.56955496,42.56424694,1.379999995,244.3000031,3.790092468,2.5
273.3902784,64.9426191,25.56953059,42.48081085,1.330000043,244.3999939,3.790092468,2.5
274.3913237,64.9426138,25.5695078,42.91342634,1.379999995,240.1000061,3.790092468,2.5
275.3904434,64.94260813,25.56948166,42.30917674,1.350000024,243.0,3.790092468,2.5
276.3919424,64.94260204,25.5694565,41.98483383,1.320000052,243.1999969,3.790092468,2.5
277.3910566,64.94259596,25.56942539,41.20846543,1.450000048,248.6999969,3.790092468,2.5
278.3867283,64.94258948,25.56939681,40.94766024,1.399999976,241.5,3.790092468,2.5
279.3872868,64.94258329,25.56936831,40.43081284,1.370000005,242.6000061,3.790092468,2.5
280.390688,64.94257716,25.56934295,40.72408467,1.309999943,245.3000031,3.790092468,2.5
281.3973501,64.94257082,25.56931744,40.81746618,1.370000005,243.0,3.790092468,2.5
282.3902785,64.94256419,25.56928998,40.63643365,1.379999995,239.3999939,3.790092468,2.5
283.390528,64.9425573,25.5692583,39.42195421,1.440000057,241.1999969,3.790092468,2.5
284.3887171,64.94255207,25.5692284,38.80482715,1.389999986,246.6999969,3.790092468,2.5
285.3906156,64.94254656,25.56920091,38.63545338,1.370000005,242.8999939,3.790092468,2.5
286.3903175,64.94254197,25.56917476,38.53871213,1.360000014,246.3000031,3.790092468,2.5
287.3908447,64.94253804,25.56914655,37.97163487,1.370000005,249.5,3.790092468,2.5
288.3911724,64.94253495,25.56911797,37.36982946,1.379999995,255.1999969,3.790092468,2.5
289.3907041,64.94253089,25.56908789,37.19435392,1.440000057,248.5,3.790092468,2.5
290.3905437,64.94252748,25.56906048,36.9475285,1.330000043,256.7999878,3.790092468,2.5
291.3874247,64.94252511,25.56903622,37.07069873,1.389999986,250.1000061,3.790092468,2.5
292.3910819,64.94252149,25.56901012,36.62080896,1.409999967,253.8000031,3.790092468,2.5
293.3898346,64.94251938,25.56898199,36.68294484,1.419999957,253.8000031,3.790092468,2.5
294.3910209,64.94251757,25.56895509,36.17525659,1.460000038,254.0,3.790092468,2.5
295.3869705,64.94251529,25.5689271,35.96303926,1.379999995,260.8999939,3.790092468,2.5
296.3907553,64.94251245,25.56889743,35.47756725,1.389999986,252.8999939,3.790092468,2.5
297.3917479,64.94250752,25.56886649,34.68533076,1.480000019,249.6000061,3.790092468,2.5
298.3914183,64.94250278,25.56883732,34.74660982,1.440000057,253.6000061,3.790092468,2.5
299.3910166,64.9424982,25.5688078,34.32357511,1.419999957,254.3999939,3.790092468,2.5
300.3905449,64.94249521,25.56877789,34.20150631,1.440000057,254.8000031,3.790092468,2.5
301.3895062,64.94249189,25.56874635,34.14816303,1.440000057,254.8000031,3.790092468,2.5
302.3892,64.9424895,25.56871683,34.087313,1.379999995,258.3999939,3.790092468,2.5
303.3876885,64.94248669,25.56868819,34.2057227,1.399999976,253.3000031,3.790092468,2.5
304.3908178,64.94248235,25.56865846,34.28958523,1.419999957,251.8999939,3.790092468,2.5
305.390321,64.94247858,25.56863041,34.10751787,1.399999976,255.5,3.790092468,2.5
306.3911274,64.94247471,25.56860089,33.79868061,1.440000057,255.6999969,3.790092468,2.5
307.3917398,64.94247085,25.56857314,33.69772884,1.379999995,255.3999939,3.790092468,2.5
308.3872877,64.94246669,25.56854302,33.36313456,1.399999976,252.5,3.790092468,2.5
309.3911138,64.94246309,25.56851352,33.3581916,1.409999967,254.3000031,3.790092468,2.5
310.3897574,64.94245858,25.5684848,32.80545714,1.429999948,252.0,3.790092468,2.5
311.3913331,64.94245479,25.5684551,32.66342906,1.460000038,252.8999939,3.790092468,2.5
312.3902992,64.94245299,25.56842365,32.4710491,1.440000057,258.2999878,3.790092468,2.5
313.3926442,64.94244914,25.5683951,32.39121563,1.389999986,254.1000061,3.790092468,2.5
314.3907791,64.94244476,25.56836664,32.24155743,1.419999957,246.8000031,3.790092468,2.5
315.3863763,64.94244181,25.56833726,31.98136603,1.409999967,247.6999969,3.790092468,2.5
316.3869974,64.9424366,25.56830786,31.91984195,1.460000038,243.3999939,3.790092468,2.5
317.39106,64.94243228,25.56827837,32.04655114,1.440000057,245.1999969,3.790092468,2.5
318.3908345,64.9424302,25.56825014,31.81669487,1.429999948,249.3000031,3.790092468,2.5
319.3907542,64.94242605,25.56822291,31.60075252,1.450000048,244.3999939,3.790092468,2.5
320.3899824,64.94242182,25.56819757,31.64420924,1.460000038,244.3999939,3.790092468,2.5
321.3864542,64.94241791,25.56817506,31.5250682,1.419999957,243.0,3.790092468,2.5
322.3904146,64.94241342,25.56815006,31.47239425,1.399999976,243.5,3.790092468,2.5
323.3905211,64.94240861,25.56812294,31.25944199,1.389999986,243.6999969,3.790092468,2.5
324.3900871,64.94240201,25.56809474,31.00541155,1.480000019,239.3000031,3.790092468,2.5
325.3904312,64.94239687,25.56806657,30.80674136,1.419999957,246.0,3.790092468,2.5
326.3900275,64.9423929,25.56803949,30.69492514,1.309999943,252.1000061,3.790092468,2.5
327.3907881,64.94238843,25.56801716,30.46592026,1.360000014,243.6000061,3.790092468,2.5
328.3881095,64.94238141,25.56799287,30.31290204,1.419999957,237.5,3.790092468,2.5
329.3913665,64.94237446,25.56796669,30.32266492,1.470000029,238.1999969,3.790092468,2.5
330.3898267,64.94236874,25.56793768,30.24301286,1.409999967,244.6000061,3.790092468,2.5
331.3915769,64.94236201,25.56790995,30.0429373,1.450000048,242.5,3.790092468,2.5
332.3868164,64.94235729,25.56788467,29.65518017,1.370000005,249.8999939,3.790092468,2.5
333.3913813,64.94235229,25.56785917,29.77431979,1.370000005,244.6000061,3.790092468,2.5
334.3921933,64.9423471,25.5678331,29.73006819,1.330000043,249.8000031,3.790092468,2.5
335.3916091,64.94234219,25.56780478,29.77151055,1.389999986,248.3000031,3.790092468,2.5
336.3917637,64.94233786,25.56777536,29.66634716,1.399999976,251.6000061,3.790092468,2.5
337.3916958,64.94233536,25.56774623,29.65017471,1.399999976,256.0,3.790092468,2.5
338.3867692,64.94233252,25.56772022,29.81411623,1.370000005,259.3999939,3.790092468,2.5
339.3915434,64.94232913,25.56769323,30.01614332,1.320000052,252.6000061,3.790092468,2.5
340.3906393,64.94232607,25.567665,29.97354199,1.389999986,256.2000122,3.790092468,2.5
341.3927436,64.94232233,25.56763696,30.07473882,1.360000014,258.2000122,3.790092468,2.5
342.3904052,64.94232075,25.56760927,30.10373304,1.389999986,260.5,3.790092468,2.5
343.3903566,64.94231829,25.56758374,30.49210112,1.320000052,253.0,3.790092468,2.5
344.3864332,64.94231582,25.56755381,30.70358994,1.360000014,255.3999939,3.790092468,2.5
345.3907869,64.94231149,25.56752531,30.73038443,1.340000033,253.3999939,3.790092468,2.5
346.3920504,64.94230796,25.56749384,30.72483147,1.360000014,258.2999878,3.790092468,2.5
347.3913557,64.94230383,25.56746474,30.46994898,1.350000024,259.2999878,3.790092468,2.5
348.3865556,64.94229879,25.56743743,30.56882515,1.309999943,252.3000031,3.790092468,2.5
349.3906245,64.94229283,25.56740829,30.80313773,1.370000005,252.6000061,3.790092468,2.5
350.3905403,64.94228959,25.56738164,30.69828014,1.350000024,253.8000031,3.790092468,2.5
351.3915985,64.94228689,25.56735446,30.66971709,1.340000033,256.2999878,3.790092468,2.5
352.3914826,64.94228336,25.56732805,30.65812091,1.299999952,255.8999939,3.790092468,2.5
353.3918398,64.9422785,25.5673025,30.920205,1.25999999,251.6000061,3.790092468,2.5
354.3920585,64.94227382,25.56727467,31.19956254,1.299999952,253.8999939,3.790092468,2.5
355.391727,64.94226843,25.56724827,31.17539137,1.320000052,254.6000061,3.790092468,2.5
356.3914476,64.94226483,25.56721946,31.11557771,1.299999952,256.8999939,3.790092468,2.5
357.391737,64.94226138,25.56719175,31.40671617,1.269999981,259.2999878,3.790092468,2.5
358.392447,64.94225776,25.5671642,31.19590132,1.309999943,253.5,3.790092468,2.5
359.391188,64.94225464,25.56713771,31.07084119,1.320000052,253.0,3.790092468,2.5
360.3922429,64.94225264,25.56710827,31.075055,1.370000005,256.8999939,3.790092468,2.5
361.3948491,64.94224999,25.56708107,31.04966582,1.299999952,257.7000122,3.790092468,2.5
362.3924096,64.94224551,25.56705418,31.36808591,1.340000033,254.0,3.790092468,2.5
363.3913127,64.94224122,25.56702847,31.12339566,1.340000033,250.5,3.790092468,2.5
364.3926885,64.94223776,25.56700163,31.25895537,1.350000024,253.1000061,3.790092468,2.5
365.3916159,64.94223516,25.56697453,30.9593963,1.360000014,255.1000061,3.790092468,2.5
366.3914569,64.9422347,25.56694894,30.94005143,1.360000014,259.1000061,3.790092468,2.5
367.390114,64.94223425,25.56692215,31.14787959,1.320000052,257.2000122,3.790092468,2.5
368.3912967,64.94223196,25.56689679,31.04229029,1.309999943,253.6000061,3.790092468,2.5
369.3918258,64.94222937,25.56686884,31.07665469,1.320000052,254.3999939,3.790092468,2.5
370.3915449,64.94222714,25.56684302,31.04021835,1.320000052,254.5,3.790092468,2.5
371.3913327,64.94222455,25.56681736,30.94946035,1.320000052,257.3999939,3.790092468,2.5
372.3920091,64.94222263,25.56679188,30.75311213,1.299999952,254.1000061,3.790092468,2.5
373.391834,64.94221964,25.56676328,30.71588202,1.320000052,253.6000061,3.790092468,2.5
374.3920739,64.94221652,25.56673532,30.76611507,1.360000014,252.8000031,3.790092468,2.5
375.3916315,64.94221258,25.56670668,30.85095438,1.389999986,256.1000061,3.790092468,2.5
376.3922258,64.94220937,25.56667599,30.91931518,1.419999957,257.7999878,3.790092468,2.5
377.3922296,64.94220624,25.56664523,30.92963163,1.399999976,257.7000122,3.790092468,2.5
378.3911688,64.94220401,25.56661786,31.09729707,1.340000033,257.0,3.790092468,2.5
379.3916229,64.94220041,25.56658877,31.25666069,1.389999986,251.5,3.790092468,2.5
380.3903162,64.94219733,25.56655896,30.80445264,1.399999976,253.8999939,3.790092468,2.5
381.3893765,64.94219531,25.56652715,30.73884255,1.379999995,254.5,3.790092468,2.5
382.3916635,64.94219227,25.56649641,31.34852432,1.379999995,255.1999969,3.790092468,2.5
383.3929197,64.94219026,25.56647065,32.71974198,1.399999976,254.6999969,3.790092468,2.5
384.3906249,64.94218904,25.56644382,32.58485702,1.399999976,255.3999939,3.790092468,2.5
385.3917919,64.9421862,25.56641746,32.6005442,1.309999943,253.6999969,3.790092468,2.5
386.3920378,64.94218178,25.56639225,32.86134692,1.299999952,253.8999939,3.790092468,2.5
387.3910802,64.94217884,25.56636578,32.86659701,1.389999986,257.2000122,3.790092468,2.5
388.3914609,64.94217658,25.5663371,32.63503166,1.399999976,263.2999878,3.790092468,2.5
389.3909436,64.94217475,25.56630933,32.92409646,1.330000043,257.2000122,3.790092468,2.5
390.3908813,64.94217311,25.56628362,32.9573628,1.279999971,257.2999878,3.790092468,2.5
391.3937191,64.94217145,25.56625832,33.34908853,1.299999952,256.0,3.790092468,2.5
392.392165,64.94216856,25.56623064,33.1049492,1.350000024,257.7999878,3.790092468,2.5
393.3924752,64.94216471,25.5662026,32.97256439,1.360000014,258.1000061,3.790092468,2.5
394.3920041,64.94216209,25.56617494,32.93435792,1.350000024,259.1000061,3.790092468,2.5
395.3915766,64.94215793,25.56614709,32.83804457,1.379999995,245.8999939,3.790092468,2.5
396.3912856,64.94215426,25.56612156,33.21261757,1.24000001,253.1999969,3.790092468,2.5
397.3917069,64.94214928,25.56609509,33.30526809,1.340000033,252.3000031,3.790092468,2.5
398.3919162,64.94214572,25.56606672,33.20858916,1.340000033,255.8000031,3.790092468,2.5
399.3898798,64.94214311,25.56603933,33.20523374,1.320000052,255.3999939,3.790092468,2.5
400.3901578,64.94214044,25.56601336,33.08762025,1.309999943,257.0,3.790092468,2.5
401.3899485,64.94213892,25.56598566,32.5665657,1.350000024,264.3999939,3.790092468,2.5
402.3909318,64.94213605,25.56595775,32.3798605,1.340000033,259.6000061,3.790092468,2.5
403.3943317,64.94213546,25.56592814,31.93485691,1.370000005,270.0,3.790092468,2.5
404.391458,64.94213291,25.56589663,31.87596015,1.350000024,265.2999878,3.790092468,2.5
405.3891438,64.9421312,25.56586619,31.52128766,1.350000024,271.1000061,3.790092468,2.5
406.3916007,64.94212995,25.56583605,31.71788508,1.320000052,273.1000061,3.790092468,2.5
407.3908531,64.94212958,25.56580523,31.55333842,1.320000052,272.2000122,3.790092468,2.5
408.3921932,64.94212967,25.56577423,31.66461008,1.360000014,273.2999878,3.790092468,2.5
409.3910811,64.94213017,25.56574226,31.11615326,1.399999976,278.0,3.790092468,2.5
410.3915861,64.94213155,25.56571394,31.12824362,1.330000043,279.5,3.790092468,2.5
411.3916712,64.94213374,25.56568578,31.38740502,1.299999952,283.7000122,3.790092468,2.5
412.3920057,64.94213654,25.56565766,31.19704307,1.289999962,284.7999878,3.790092468,2.5
413.3903899,64.94214048,25.56562625,30.72933892,1.360000014,288.5,3.790092468,2.5
414.3916923,64.94214643,25.56559672,30.23099673,1.350000024,296.8999939,3.790092468,2.5
415.3900711,64.9421527,25.56556978,29.79588689,1.340000033,297.2999878,3.790092468,2.5
416.3923539,64.94215866,25.56554185,29.44909477,1.350000024,296.2999878,3.790092468,2.5
417.3915233,64.94216518,25.56551513,29.22882888,1.350000024,297.8999939,3.790092468,2.5
418.3919366,64.94217151,25.56548961,29.29518374,1.320000052,297.1000061,3.790092468,2.5
419.3915319,64.94217775,25.56546345,29.15688772,1.409999967,298.2000122,3.790092468,2.5
420.3918494,64.94218555,25.56543634,29.05783891,1.399999976,301.2999878,3.790092468,2.5
421.3907844,64.94219445,25.56541006,29.19438672,1.399999976,305.2000122,3.790092468,2.5
422.3899693,64.94220179,25.56538598,29.40380872,1.360000014,297.3999939,3.790092468,2.5
423.3913595,64.94220876,25.56536011,29.48865788,1.330000043,298.7000122,3.790092468,2.5
424.3910766,64.94221517,25.56533442,29.62160218,1.409999967,298.1000061,3.790092468,2.5
425.3923904,64.94222047,25.56530644,29.83309803,1.389999986,295.3999939,3.790092468,2.5
426.3914697,64.9422259,25.56527786,29.72098568,1.450000048,298.2999878,3.790092468,2.5
427.3906926,64.9422328,25.56525242,29.79204076,1.389999986,300.0,3.790092468,2.5
428.3913658,64.94223792,25.56522731,29.76464442,1.379999995,297.7999878,3.790092468,2.5
429.389801,64.94224327,25.56520109,29.78357414,1.379999995,301.3999939,3.790092468,2.5
430.3915322,64.94224966,25.56517474,29.59333737,1.399999976,304.0,3.790092468,2.5
431.3920954,64.94225663,25.56514957,29.52608682,1.360000014,300.8999939,3.790092468,2.5
432.3919323,64.94226146,25.56512477,29.50473264,1.379999995,299.2000122,3.790092468,2.5
433.3901181,64.94226887,25.56510144,29.40556084,1.389999986,301.6000061,3.790092468,2.5
434.3919044,64.94227491,25.56507537,29.84850242,1.399999976,299.1000061,3.790092468,2.5
435.3912879,64.9422803,25.56505009,29.99487344,1.370000005,301.3999939,3.790092468,2.5
436.3910232,64.94228703,25.56502621,29.88770548,1.409999967,300.2999878,3.790092468,2.5
437.3905581,64.94229437,25.56499986,30.14418591,1.440000057,301.2000122,3.790092468,2.5
438.3919571,64.94230039,25.56497427,30.16665621,1.480000019,301.7999878,3.790092468,2.5
439.3909254,64.94230554,25.5649481,30.026345,1.419999957,302.3999939,3.790092468,2.5
440.3895682,64.94231058,25.56492106,30.06743031,1.399999976,293.6000061,3.790092468,2.5
441.3909394,64.94231568,25.56489344,30.01488783,1.409999967,293.8999939,3.790092468,2.5
442.3918663,64.94232127,25.56486619,29.90082231,1.5,300.5,3.790092468,2.5
443.3918554,64.94232852,25.56484038,29.85389682,1.429999948,301.1000061,3.790092468,2.5
444.391847,64.94233572,25.56481229,29.6885634,1.450000048,299.8999939,3.790092468,2.5
445.3897251,64.94234207,25.56478574,29.50735983,1.399999976,301.1000061,3.790092468,2.5
446.3899502,64.94234732,25.56476049,29.34873804,1.389999986,299.2000122,3.790092468,2.5
447.3924029,64.94235322,25.5647364,29.51921826,1.399999976,302.1000061,3.790092468,2.5
448.3919363,64.942359,25.56471213,29.3909313,1.360000014,298.3999939,3.790092468,2.5
449.3903334,64.9423655,25.56468732,29.35688337,1.429999948,297.5,3.790092468,2.5
450.3912725,64.9423714,25.56466091,29.28590885,1.370000005,294.7999878,3.790092468,2.5
451.3915525,64.94237758,25.56463437,29.09890677,1.409999967,298.2999878,3.790092468,2.5
452.3921102,64.94238482,25.56460818,28.93711316,1.370000005,301.7999878,3.790092468,2.5
453.3914388,64.94239112,25.56458062,29.08482814,1.429999948,303.1000061,3.790092468,2.5
454.3919105,64.94239709,25.56455246,28.86620989,1.389999986,302.0,3.790092468,2.5
455.3914655,64.94240381,25.56452434,28.77564409,1.350000024,300.2000122,3.790092468,2.5
456.3913243,64.94241036,25.56449555,28.5990797,1.350000024,297.2999878,3.790092468,2.5
457.3915217,64.94241813,25.56447164,28.35867297,1.360000014,297.7999878,3.790092468,2.5
458.3916137,64.94242456,25.56444481,28.34891727,1.399999976,300.1000061,3.790092468,2.5
459.3913295,64.94243131,25.56441694,28.3174335,1.389999986,300.5,3.790092468,2.5
460.3900872,64.94243748,25.56439293,28.29394423,1.340000033,296.0,3.790092468,2.5
461.3918378,64.94244282,25.56436883,28.29541757,1.340000033,294.1000061,3.790092468,2.5
462.3915752,64.94245013,25.5643436,28.12251549,1.450000048,300.5,3.790092468,2.5
463.3912537,64.94245535,25.5643175,28.15780248,1.429999948,298.3999939,3.790092468,2.5
464.391649,64.9424608,25.56429124,28.05075573,1.360000014,297.3999939,3.790092468,2.5
465.3898682,64.94246672,25.56426412,27.83915633,1.389999986,296.2999878,3.790092468,2.5
466.391674,64.94247121,25.5642388,27.6368937,1.360000014,298.7000122,3.790092468,2.5
467.3911518,64.94247562,25.56421128,27.26110836,1.370000005,294.1000061,3.790092468,2.5
468.3914765,64.94248144,25.56418382,27.08692346,1.419999957,298.2999878,3.790092468,2.5
469.3910034,64.94248798,25.56415673,27.09340324,1.5,299.3999939,3.790092468,2.5
470.3915664,64.9424943,25.56413185,27.09994354,1.389999986,301.2000122,3.790092468,2.5
471.3913982,64.94250169,25.56410707,27.07230513,1.409999967,300.8999939,3.790092468,2.5
472.391185,64.9425085,25.5640822,27.16752997,1.429999948,301.5,3.790092468,2.5
473.3909486,64.94251541,25.56405719,27.27191019,1.409999967,299.8999939,3.790092468,2.5
474.3915371,64.94252064,25.56403184,27.47138165,1.350000024,297.3999939,3.790092468,2.5
475.3910268,64.94252644,25.56400479,27.26448183,1.399999976,299.8999939,3.790092468,2.5
476.3909902,64.94253404,25.56397756,27.13528148,1.429999948,297.0,3.790092468,2.5
477.3907495,64.94253955,25.56394989,26.88175061,1.370000005,294.5,3.790092468,2.5
478.3895075,64.94254567,25.56392375,27.16124012,1.399999976,297.5,3.790092468,2.5
479.3902879,64.94255191,25.56389773,27.23089085,1.429999948,301.7000122,3.790092468,2.5
480.3904999,64.94255781,25.56386915,27.18268275,1.429999948,296.5,3.790092468,2.5
481.3926254,64.94256332,25.56384116,27.10151521,1.440000057,294.8999939,3.790092468,2.5
482.3928484,64.94256988,25.56381367,26.71437935,1.429999948,296.6000061,3.790092468,2.5
483.3916543,64.94257474,25.56378931,26.50692894,1.340000033,293.2000122,3.790092468,2.5
484.3906564,64.94258131,25.56376328,26.42631143,1.470000029,299.1000061,3.790092468,2.5
485.390772,64.94258763,25.563736,26.26878957,1.440000057,301.1000061,3.790092468,2.5
486.3906839,64.94259275,25.5637091,26.40551701,1.429999948,296.3999939,3.790092468,2.5
487.3917508,64.94259885,25.56368125,26.33503116,1.440000057,298.6000061,3.790092468,2.5
488.3912285,64.94260399,25.56365328,26.36366552,1.429999948,298.2000122,3.790092468,2.5
489.3933775,64.94260977,25.56362689,26.45840132,1.379999995,298.2000122,3.790092468,2.5
490.3913153,64.94261443,25.56360234,26.49576276,1.309999943,293.6000061,3.790092468,2.5
491.3872198,64.94261876,25.56357966,26.49754012,1.320000052,293.7000122,3.790092468,2.5
492.3912198,64.94262541,25.56355417,26.34819702,1.389999986,300.2999878,3.790092468,2.5
493.3893573,64.94263172,25.56352775,26.68225217,1.389999986,295.7000122,3.790092468,2.5
494.3918418,64.94263845,25.56349925,26.96265812,1.480000019,297.7000122,3.790092468,2.5
495.3909968,64.94264412,25.56347055,27.04598058,1.5,293.3999939,3.790092468,2.5
496.3907942,64.94264821,25.56344082,27.04934565,1.539999962,284.1000061,3.790092468,2.5
497.3899918,64.9426523,25.56341239,27.43881893,1.409999967,285.3999939,3.790092468,2.5
498.39112,64.94265408,25.56338224,27.53587086,1.460000038,275.0,3.790092468,2.5
499.3909466,64.94265568,25.56335108,27.48186075,1.409999967,275.6000061,3.790092468,2.5
500.3892362,64.94265698,25.56332192,27.54625828,1.379999995,276.7999878,3.790092468,2.5
501.3910837,64.94265875,25.56329274,27.49072217,1.409999967,281.5,3.790092468,2.5
502.3908923,64.9426622,25.56326546,27.57196714,1.399999976,292.7999878,3.790092468,2.5
503.3918329,64.94266803,25.56323712,27.66121011,1.50999999,301.2000122,3.790092468,2.5
504.3909717,64.94267245,25.56320998,27.71462394,1.399999976,296.7000122,3.790092468,2.5
505.3893045,64.94267733,25.56318293,27.60952989,1.360000014,299.6000061,3.790092468,2.5
506.3910808,64.94268468,25.56315584,27.695112,1.480000019,300.1000061,3.790092468,2.5
507.391921,64.94269097,25.56312955,27.60399621,1.450000048,300.2000122,3.790092468,2.5
508.3917167,64.94269662,25.56310277,27.94128566,1.419999957,301.7999878,3.790092468,2.5
509.3920025,64.94270499,25.56307836,27.79121159,1.419999957,311.7000122,3.790092468,2.5
510.3912582,64.94271445,25.56305341,27.73971041,1.470000029,314.7999878,3.790092468,2.5
511.3921786,64.94272208,25.56302761,27.89127159,1.419999957,311.0,3.790092468,2.5
512.3912944,64.94272967,25.56300667,28.02983154,1.379999995,312.5,3.790092468,2.5
513.3910124,64.94273845,25.56298585,28.00390285,1.399999976,314.7999878,3.790092468,2.5
514.3907709,64.94274765,25.56296506,28.05152191,1.470000029,313.5,3.790092468,2.5
515.3913304,64.94275612,25.56294245,28.3719677,1.440000057,307.7000122,3.790092468,2.5
516.3914115,64.94276399,25.56291986,28.26888997,1.419999957,309.7999878,3.790092468,2.5
517.3933689,64.94277144,25.56289419,27.98478202,1.409999967,303.0,3.790092468,2.5
518.3912232,64.9427785,25.56286666,27.68175307,1.389999986,303.1000061,3.790092468,2.5
519.3910743,64.94278482,25.56284305,27.67547579,1.419999957,300.0,3.790092468,2.5
520.3911359,64.94279168,25.56281757,27.49152595,1.379999995,301.2999878,3.790092468,2.5
521.3905665,64.94279888,25.56279167,27.12202962,1.340000033,298.5,3.790092468,2.5
522.3915617,64.94280503,25.56276735,26.81155306,1.330000043,301.0,3.790092468,2.5
523.391865,64.94281163,25.56274253,26.51755649,1.340000033,300.3999939,3.790092468,2.5
524.3914186,64.94281756,25.56271627,26.32994378,1.370000005,296.2999878,3.790092468,2.5
525.3909333,64.94282325,25.56268846,26.11730666,1.440000057,295.8999939,3.790092468,2.5
526.3917344,64.9428279,25.56266251,25.98846956,1.419999957,297.1000061,3.790092468,2.5
527.3912456,64.94283336,25.5626372,25.87776056,1.419999957,297.8999939,3.790092468,2.5
528.3918324,64.94283998,25.56261369,25.95980142,1.399999976,298.7000122,3.790092468,2.5
529.3913596,64.94284631,25.56258718,25.95590494,1.389999986,299.7000122,3.790092468,2.5
530.391841,64.94285201,25.5625597,26.19181514,1.450000048,298.6000061,3.790092468,2.5
531.3919618,64.94285862,25.56253127,26.05998951,1.440000057,298.7000122,3.790092468,2.5
532.3926052,64.94286489,25.56250438,26.25280934,1.419999957,299.7999878,3.790092468,2.5
533.3921318,64.94287105,25.56247735,26.06525799,1.389999986,301.7999878,3.790092468,2.5
534.3913564,64.94287712,25.56244993,25.91921052,1.419999957,300.3999939,3.790092468,2.5
535.3911864,64.94288367,25.56242477,25.84005771,1.419999957,298.7000122,3.790092468,2.5
536.3911641,64.94289054,25.56239893,26.39939406,1.450000048,298.7000122,3.790092468,2.5
537.3918011,64.94289751,25.56237333,26.40239502,1.429999948,298.8999939,3.790092468,2.5
538.3917172,64.94290397,25.56234732,26.70422368,1.429999948,299.6000061,3.790092468,2.5
539.3921575,64.94290987,25.56232021,26.80689427,1.409999967,300.1000061,3.790092468,2.5
540.3893669,64.94291577,25.56228993,26.86555897,1.460000038,298.7999878,3.790092468,2.5
541.3932689,64.94292172,25.56226429,26.84451112,1.360000014,296.7000122,3.790092468,2.5
542.3921016,64.9429283,25.56223747,26.75785125,1.389999986,302.3999939,3.790092468,2.5
543.3905149,64.94293652,25.56221156,26.99583878,1.409999967,306.7000122,3.790092468,2.5
544.3914089,64.94294394,25.56218681,27.18255586,1.460000038,305.2000122,3.790092468,2.5
545.3909597,64.94295061,25.56215961,27.19251478,1.450000048,300.6000061,3.790092468,2.5
546.3912345,64.94295495,25.56213217,27.18110924,1.399999976,296.7000122,3.790092468,2.5
547.3913218,64.94296212,25.56210323,27.20998978,1.450000048,300.2000122,3.790092468,2.5
548.3875891,64.94296893,25.56207567,26.95646011,1.389999986,299.8999939,3.790092468,2.5
549.3882223,64.94297448,25.56205083,26.82542642,1.370000005,296.2000122,3.790092468,2.5
550.3912333,64.942981,25.56202584,26.77837804,1.409999967,300.2999878,3.790092468,2.5
551.3911839,64.94298686,25.56200121,26.9202328,1.389999986,298.7999878,3.790092468,2.5
552.3912801,64.9429941,25.56197591,26.83607577,1.409999967,300.0,3.790092468,2.5
553.3912958,64.94300024,25.56194688,26.65969412,1.440000057,297.1000061,3.790092468,2.5
554.3915485,64.9430068,25.56191907,26.45877656,1.429999948,302.1000061,3.790092468,2.5
555.3906715,64.94301292,25.56189186,26.25895713,1.330000043,300.0,3.790092468,2.5
556.389855,64.9430179,25.56186368,26.30443706,1.25999999,293.0,3.790092468,2.5
557.3909781,64.94302242,25.5618373,25.94854912,1.350000024,298.0,3.790092468,2.5
558.3913282,64.94302861,25.56181074,25.90815349,1.429999948,298.8999939,3.790092468,2.5
559.3914189,64.94303433,25.56178455,25.88594584,1.460000038,295.2000122,3.790092468,2.5
560.393008,64.94303961,25.56175695,25.8799123,1.440000057,293.1000061,3.790092468,2.5
561.3894639,64.94304235,25.56172874,25.79465283,1.370000005,287.0,3.790092468,2.5
562.3912525,64.94304466,25.56170055,25.91038173,1.389999986,278.8999939,3.790092468,2.5
563.3901008,64.94304607,25.56167242,26.02995498,1.409999967,271.3999939,3.790092468,2.5
564.3904164,64.94304285,25.56164569,25.99431129,1.340000033,253.1000061,3.790092468,2.5
565.3913663,64.94303402,25.56162347,26.27433552,1.450000048,230.3999939,3.790092468,2.5
566.3909542,64.94302411,25.56160695,26.22348632,1.309999943,217.6000061,3.790092468,2.5
567.392182,64.9430137,25.56159375,26.04995552,1.360000014,213.3999939,3.790092468,2.5
568.3919257,64.94300276,25.56158331,26.2408037,1.389999986,208.8999939,3.790092468,2.5
569.3904128,64.94299178,25.56157119,26.36890794,1.379999995,209.1000061,3.790092468,2.5
570.3917741,64.94298053,25.56155827,26.41748324,1.419999957,207.0,3.790092468,2.5
571.391794,64.94296971,25.56154436,26.57573926,1.409999967,210.6000061,3.790092468,2.5
572.390949,64.94295879,25.56152769,26.78636375,1.419999957,212.6999969,3.790092468,2.5
573.39131,64.94294844,25.56151489,26.97367279,1.360000014,210.6999969,3.790092468,2.5
574.3908128,64.94293696,25.56150518,26.86349497,1.379999995,207.3000031,3.790092468,2.5
575.3924853,64.94292487,25.5614951,27.00026487,1.429999948,208.1000061,3.790092468,2.5
576.3918854,64.94291337,25.56148409,27.34486017,1.429999948,208.3000031,3.790092468,2.5
577.391688,64.9429021,25.56147127,27.035037,1.419999957,206.8000031,3.790092468,2.5
578.3901203,64.94289123,25.56145646,26.89800501,1.409999967,207.8000031,3.790092468,2.5
579.390517,64.94288104,25.56144331,26.92174003,1.370000005,206.8000031,3.790092468,2.5
580.3904837,64.94287048,25.56142728,26.96079495,1.379999995,206.3000031,3.790092468,2.5
581.3905036,64.94285931,25.56141292,26.80233928,1.399999976,207.0,3.790092468,2.5
582.3913141,64.94284852,25.56139821,26.74013646,1.399999976,209.3000031,3.790092468,2.5
583.3904567,64.94283772,25.56138366,26.79841701,1.419999957,209.3000031,3.790092468,2.5
584.3915635,64.94282634,25.5613672,26.65760061,1.419999957,209.8000031,3.790092468,2.5
585.3876172,64.94281564,25.56135466,26.64544639,1.370000005,206.1000061,3.790092468,2.5
586.3916339,64.94280463,25.56134039,26.86803334,1.399999976,211.0,3.790092468,2.5
587.3927324,64.94279493,25.56132767,27.12577755,1.399999976,208.3999939,3.790092468,2.5
588.3925081,64.94278301,25.56131296,27.28470404,1.429999948,208.1000061,3.790092468,2.5
589.3923251,64.94277116,25.5612972,27.2645536,1.49000001,210.0,3.790092468,2.5
590.3925875,64.94275924,25.5612811,27.36757209,1.450000048,210.3000031,3.790092468,2.5
591.390093,64.94274835,25.56126426,27.68586266,1.379999995,207.8999939,3.790092468,2.5
592.3914563,64.942736,25.56125177,27.65771567,1.440000057,206.1999969,3.790092468,2.5
593.3927629,64.94272366,25.56123905,27.95934168,1.429999948,205.8999939,3.790092468,2.5
594.3927654,64.94271026,25.56122553,27.91331056,1.470000029,206.8000031,3.790092468,2.5
595.3927031,64.94269809,25.56121147,27.63253946,1.429999948,209.6000061,3.790092468,2.5
596.3936447,64.94268621,25.56119545,27.63393444,1.450000048,209.3000031,3.790092468,2.5
597.3915455,64.94267572,25.56118089,27.58155855,1.419999957,208.8999939,3.790092468,2.5
598.391726,64.94266501,25.56116476,27.38227105,1.370000005,207.5,3.790092468,2.5
599.3933899,64.94265338,25.56114884,27.61572192,1.399999976,207.5,3.790092468,2.5
600.3926259,64.94264136,25.5611342,27.56633532,1.409999967,206.6999969,3.790092468,2.5
601.3911866,64.94263,25.56111949,27.63639515,1.460000038,207.8999939,3.790092468,2.5
602.3927148,64.94262004,25.56110664,27.58884128,1.440000057,211.5,3.790092468,2.5
603.3904517,64.94261022,25.56109463,27.69411945,1.370000005,206.5,3.790092468,2.5
604.3918384,64.94260018,25.56108095,27.59480782,1.360000014,207.0,3.790092468,2.5
605.3928432,64.94258964,25.56106536,27.31916542,1.409999967,208.0,3.790092468,2.5
606.392383,64.9425784,25.56105255,27.21460351,1.409999967,208.8999939,3.790092468,2.5
607.3926887,64.94256667,25.56103898,27.07250463,1.440000057,208.1000061,3.790092468,2.5
608.3907658,64.94255587,25.56102647,26.77800168,1.419999957,207.1999969,3.790092468,2.5
609.3889536,64.94254502,25.56101412,26.65256605,1.340000033,208.0,3.790092468,2.5
610.3915025,64.94253477,25.56099891,26.63375981,1.360000014,209.8999939,3.790092468,2.5
611.3913705,64.94252264,25.56098736,26.7330543,1.399999976,205.1999969,3.790092468,2.5
612.3924406,64.94251106,25.56097513,26.56123125,1.419999957,208.0,3.790092468,2.5
613.3923539,64.94249859,25.56096027,26.56921731,1.429999948,209.3000031,3.790092468,2.5
614.3890632,64.94248762,25.56094653,26.58391848,1.350000024,209.8000031,3.790092468,2.5
615.3908507,64.94247701,25.56092934,27.00065906,1.379999995,210.3000031,3.790092468,2.5
616.3920391,64.94246717,25.56091332,26.98020538,1.340000033,210.0,3.790092468,2.5
617.392573,64.94245733,25.56089721,26.97629223,1.389999986,209.1000061,3.790092468,2.5
618.3934567,64.94244865,25.56088177,26.8104538,1.320000052,211.6000061,3.790092468,2.5
619.390695,64.9424391,25.56086747,26.75997084,1.340000033,208.6999969,3.790092468,2.5
620.3925003,64.94242853,25.56085373,26.97279251,1.399999976,205.8000031,3.790092468,2.5
621.3922951,64.94241796,25.56083965,26.96686422,1.350000024,206.1999969,3.790092468,2.5
622.3943916,64.94240778,25.56082536,26.76458624,1.340000033,207.6000061,3.790092468,2.5
623.39292,64.94239664,25.56080938,26.55425095,1.350000024,212.8000031,3.790092468,2.5
624.3928129,64.94238478,25.5607935,26.39640521,1.379999995,209.6000061,3.790092468,2.5
625.3912543,64.94237276,25.56078197,26.35940831,1.279999971,207.3000031,3.790092468,2.5
626.393772,64.94236163,25.56077006,26.46419696,1.320000052,208.8000031,3.790092468,2.5
627.3929169,64.94235059,25.56075398,26.4988569,1.409999967,212.8999939,3.790092468,2.5
628.3924864,64.94234025,25.56073859,26.32898859,1.409999967,204.6999969,3.790092468,2.5
629.3910446,64.94232956,25.560729,25.95745896,1.389999986,203.3000031,3.790092468,2.5
630.3906167,64.94231824,25.56071809,26.07152463,1.389999986,200.5,3.790092468,2.5
631.3922227,64.94230658,25.56070867,26.29868791,1.370000005,200.0,3.790092468,2.5
632.3937855,64.94229408,25.56070855,26.36062689,1.419999957,184.3000031,3.790092468,2.5
633.3926904,64.94228183,25.56070629,26.26015186,1.389999986,172.3000031,3.790092468,2.5
634.3922381,64.94226996,25.56071316,26.47876767,1.429999948,156.0,3.790092468,2.5
635.3907469,64.94226044,25.56072882,26.35644202,1.320000052,138.1000061,3.790092468,2.5
636.393326,64.94225215,25.56075041,26.56669724,1.409999967,132.1000061,3.790092468,2.5
637.3922901,64.94224282,25.56077202,26.66989581,1.340000033,129.3000031,3.790092468,2.5
638.3927429,64.94223388,25.56079594,27.06215692,1.429999948,128.8000031,3.790092468,2.5
639.3924059,64.94222638,25.56081815,27.43201972,1.350000024,124.0,3.790092468,2.5
640.3905097,64.94221977,25.56084328,27.48114318,1.429999948,126.5,3.790092468,2.5
641.3929098,64.94221241,25.56086974,27.38732142,1.440000057,123.9000015,3.790092468,2.5
642.3939688,64.94220654,25.56089322,27.75797902,1.379999995,121.5999985,3.790092468,2.5
643.393077,64.94220046,25.56091699,27.73135855,1.279999971,122.5,3.790092468,2.5
644.3940951,64.94219401,25.56094075,27.68752582,1.379999995,122.8000031,3.790092468,2.5
645.3979134,64.94218822,25.56096283,28.10640147,1.309999943,124.5999985,3.790092468,2.5
646.3909252,64.9421809,25.56098673,28.07239457,1.360000014,127.4000015,3.790092468,2.5
647.3904555,64.94217308,25.56100852,28.32397099,1.309999943,127.0999985,3.790092468,2.5
648.393499,64.94216521,25.56103314,27.884629,1.440000057,131.1000061,3.790092468,2.5
649.3930015,64.94215567,25.56105683,27.01639152,1.50999999,135.6999969,3.790092468,2.5
650.3922644,64.94214656,25.56107814,26.60085255,1.360000014,135.6000061,3.790092468,2.5
651.3916463,64.94213697,25.56109891,26.90723704,1.360000014,136.6999969,3.790092468,2.5
652.39287,64.94212832,25.56112015,26.73016286,1.370000005,134.3000031,3.790092468,2.5
653.3934142,64.94211951,25.56114008,26.74742466,1.340000033,131.6999969,3.790092468,2.5
654.393845,64.94211135,25.56115906,26.44986788,1.320000052,135.5,3.790092468,2.5
655.3909923,64.94210233,25.56117763,26.48763749,1.320000052,140.3000031,3.790092468,2.5
656.3934078,64.94209334,25.56119701,26.19453543,1.370000005,143.3000031,3.790092468,2.5
657.3928918,64.94208332,25.56121343,26.34454807,1.340000033,147.3999939,3.790092468,2.5
658.3940004,64.94207399,25.56122821,26.44866316,1.269999981,147.1000061,3.790092468,2.5
659.3915699,64.94206356,25.56124251,26.71598529,1.330000043,149.1999969,3.790092468,2.5
660.3937352,64.94205314,25.56125657,26.80685483,1.340000033,147.5,3.790092468,2.5
661.3918672,64.94204315,25.56126909,26.55934609,1.360000014,150.8000031,3.790092468,2.5
662.3926705,64.94203226,25.56127994,26.63532308,1.350000024,155.1000061,3.790092468,2.5
663.3910931,64.9420205,25.56129114,26.34008338,1.370000005,159.8999939,3.790092468,2.5
664.3916209,64.94200824,25.56129857,26.41837891,1.320000052,166.3999939,3.790092468,2.5
665.3932875,64.94199651,25.56130143,26.401888,1.320000052,175.8000031,3.790092468,2.5
666.3921909,64.94198546,25.5612999,26.2113261,1.340000033,186.5,3.790092468,2.5
667.3924161,64.94197449,25.56129633,26.76460002,1.379999995,194.6000061,3.790092468,2.5
668.3901373,64.94196328,25.56129081,26.51605515,1.360000014,192.1999969,3.790092468,2.5
669.389859,64.94195162,25.56128477,27.1603322,1.320000052,195.5,3.790092468,2.5
670.3929229,64.94194016,25.56127138,26.83824087,1.309999943,202.5,3.790092468,2.5
671.392626,64.94192654,25.5612597,26.70505108,1.419999957,201.0,3.790092468,2.5
672.3928012,64.94191488,25.56124998,26.81179204,1.340000033,199.8000031,3.790092468,2.5
673.3916904,64.94190305,25.56123946,27.07234155,1.370000005,201.0,3.790092468,2.5
674.3921541,64.94189184,25.56123258,27.01117481,1.379999995,195.6999969,3.790092468,2.5
675.3921726,64.94188065,25.56122836,26.70843055,1.440000057,191.6000061,3.790092468,2.5
676.3928065,64.94187045,25.56122064,26.86546556,1.360000014,201.1000061,3.790092468,2.5
677.3929148,64.94186005,25.56121141,26.87882384,1.320000052,200.3999939,3.790092468,2.5
678.3925653,64.94184852,25.5612018,27.08822604,1.360000014,200.8999939,3.790092468,2.5
679.3924834,64.94183715,25.56119223,27.25325582,1.320000052,198.5,3.790092468,2.5
680.3908661,64.94182611,25.56118198,27.20667713,1.330000043,202.1000061,3.790092468,2.5
681.3949653,64.94181531,25.5611733,27.47693193,1.340000033,203.5,3.790092468,2.5
682.3928637,64.9418048,25.56116291,27.3726145,1.269999981,201.1000061,3.790092468,2.5
683.3915599,64.9417932,25.56115186,27.1475686,1.370000005,201.5,3.790092468,2.5
